,Feature,Importance
0,age,0.05740188631611189
1,workclass,0.014962089271538
2,fnlgt,0.18575262534321824
3,education,0.19268315788824159
4,education-num,0.06062895317465228
5,marital-status,0.038446837874763516
6,occupation,0.0
7,relationship,0.0020181141171383204
8,race,0.0014775574845367681
9,sex,0.0
10,capital-gain,0.001079450104584554
11,capital-loss,0.001035264669254004
12,hours-per-week,0.008193592798134969
13,native-country,0.0002633250884246711
14,salary,0.0
